Segment,Customers,Avg_Recency,Avg_Frequency,Avg_Monetary,Total_Revenue
Champions,962,12.861746361746361,11.08004158004158,6038.816081081081,5809341.07
Loyal Customers,447,39.411633109619686,5.2774049217002235,1959.500606263982,875896.771
Others,1222,91.29787234042553,1.6112929623567922,644.9229222585925,788095.811
At Risk,454,141.62555066079295,3.806167400881057,1634.6915220264318,742149.951
Potential Loyalists,429,16.974358974358974,2.233100233100233,1179.8448251748252,506153.43
Hibernating,824,228.50364077669903,1.0424757281553398,230.30445509708738,189770.871
